{
  "recall@1": 0.7274,
  "recall@5": 0.7958,
  "recall@10": 0.8158,
  "mrr@10": 0.7608247265262893,
  "ndcg@10": 0.7722895153831302,
  "map@10": 0.7608247265262893,
  "num_queries": 5000,
  "num_corpus": 5000
}