{
  "recall@1": 0.8248,
  "recall@5": 0.9144,
  "recall@10": 0.9428,
  "mrr@10": 0.8661127914880145,
  "ndcg@10": 0.8829122380350586,
  "map@10": 0.8661127914880145,
  "num_queries": 5000,
  "num_corpus": 5000
}