{
  "recall@1": 0.7038,
  "recall@5": 0.7888,
  "recall@10": 0.8138,
  "mrr@10": 0.7449317002023627,
  "ndcg@10": 0.7589859063048079,
  "map@10": 0.7449317002023627,
  "num_queries": 5000,
  "num_corpus": 5000
}