{
  "recall@1": 0.8422,
  "recall@5": 0.9226,
  "recall@10": 0.9494,
  "mrr@10": 0.8789465501126759,
  "ndcg@10": 0.8944579904163383,
  "map@10": 0.8789465501126759,
  "num_queries": 5000,
  "num_corpus": 5000
}