{
  "model": "BM25 (Okapi)",
  "recall@1": 0.6314,
  "recall@5": 0.7156,
  "recall@10": 0.7418,
  "mrr@10": 0.6678456349206353,
  "ndcg@10": 0.6856925033491965,
  "map@10": 0.6678456349206353,
  "num_queries": 5000,
  "num_corpus": 5000
}