{
  "recall@1": 0.7436,
  "recall@5": 0.819,
  "recall@10": 0.8344,
  "mrr@10": 0.7784294969118682,
  "ndcg@10": 0.7900350967768872,
  "map@10": 0.7784294969118682,
  "num_queries": 5000,
  "num_corpus": 5000
}