{
  "recall@1": 0.805,
  "recall@5": 0.9072,
  "recall@10": 0.9354,
  "mrr@10": 0.850883349952402,
  "ndcg@10": 0.8693643651844308,
  "map@10": 0.850883349952402,
  "num_queries": 5000,
  "num_corpus": 5000
}