{
  "recall@1": 0.7476,
  "recall@5": 0.8138,
  "recall@10": 0.8294,
  "mrr@10": 0.778978112621441,
  "ndcg@10": 0.7893638296245572,
  "map@10": 0.778978112621441,
  "num_queries": 5000,
  "num_corpus": 5000
}