{
  "recall@1": 0.8464,
  "recall@5": 0.9276,
  "recall@10": 0.9512,
  "mrr@10": 0.882582186173212,
  "ndcg@10": 0.897632626016805,
  "map@10": 0.882582186173212,
  "num_queries": 5000,
  "num_corpus": 5000
}