{
  "recall@1": 0.693,
  "recall@5": 0.7772,
  "recall@10": 0.8098,
  "mrr@10": 0.7345629050204807,
  "ndcg@10": 0.7498378256589192,
  "map@10": 0.7345629050204807,
  "num_queries": 5000,
  "num_corpus": 5000
}