{
  "recall@1": 0.8088,
  "recall@5": 0.9058,
  "recall@10": 0.9334,
  "mrr@10": 0.8528057424541882,
  "ndcg@10": 0.8702271614774049,
  "map@10": 0.8528057424541882,
  "num_queries": 5000,
  "num_corpus": 5000
}